name,value,group
Semey city,331040,Abai
Zharasemey,"20,868",Abai
Kurchatov,10253,Abai
Abay,13793,Abai
Aqsuat,19195,Abai
Ayagoz,65270,Abai
Beskaragay,17516,Abai
Borodulikha,32540,Abai
Zharma,35356,Abai
Kokpekti,13345,Abai
Maqanshy,"27,467",Abai
Urzhar,68219,Abai
Kokshetau city,194000,Aqmola
Kosshy,56818,Aqmola
Stepnogorsk,67578,Aqmola
Akkol,23526,Aqmola
Arshaly,25317,Aqmola
Astrakhan,19295,Aqmola
Atbasar,42524,Aqmola
Bulandy,28974,Aqmola
Egindykol,5130,Aqmola
Birzhansal,12898,Aqmola
Ereymentau,25342,Aqmola
Esil,20244,Aqmola
Zhaksy,15655,Aqmola
Zharkain,12273,Aqmola
Zerendi,34504,Aqmola
Korgalzhyn,6971,Aqmola
Sandyktau,16704,Aqmola
Tselinograd,82958,Aqmola
Shortandy,26988,Aqmola
Burabay,70819,Aqmola
Aktobe city,573132,Aqtobe
Alga,43736,Aqtobe
Aytekebi,20602,Aqtobe
Bayganin,22920,Aqtobe
Kargaly,15416,Aqtobe
Khobda,15904,Aqtobe
Martuk,29674,Aqtobe
Mugalzhar,65714,Aqtobe
Oiyl,16013,Aqtobe
Temir,35674,Aqtobe
Khromtau,46680,Aqtobe
Shalkar,42370,Aqtobe
Yrgyz,13930,Aqtobe
Konaiev city,71799,Almaty region
Alatau,,Almaty region
Balkhash,28305,Almaty region
EnbekshiQazaq,285186,Almaty region
Zhambyl,169540,Almaty region
Kegen,27358,Almaty region
Karasay,342059,Almaty region
Raiymbek,28193,Almaty region
Talgar,248450,Almaty region
Uygur,62454,Almaty region
Ile,274530,Almaty region
Atyrau city,414840,Atyrau
Zhylyoi,87121,Atyrau
Inder,32766,Atyrau
Isatay,26362,Atyrau
Kurmangazy,55906,Atyrau
Kyzylkoga,30833,Atyrau
Makat,29689,Atyrau
Makhambet,29194,Atyrau
Oral city,363453,West
Akzhaik,35521,West
Burli,57966,West
Zhanakala,21639,West
Zhanybek,14303,West
Baiterek,61237,West
Kaztalovka,27077,West
Karatobe,13434,West
Bokeyorda,14276,West
Syrym,17156,West
Taskala,16183,West
Terekti,38935,West
Chingirlau,12901,West
Taraz city,432367,Zhambyl
Bayzak,106428,Zhambyl
Zhambyl,88152,Zhambyl
Zhualy,54221,Zhambyl
Korday,158312,Zhambyl
TurarRyskulov,67407,Zhambyl
Merke,88615,Zhambyl
Moiynkum,28370,Zhambyl
Sarysu,44065,Zhambyl
Talas,48742,Zhambyl
Shu,106132,Zhambyl
Taldykorgan city,204920,Zhetisu
Tekeli,31012,Zhetisu
Aksu,36333,Zhetisu
Alakol,74351,Zhetisu
Eskeldi,51797,Zhetisu
Kerbulak,43228,Zhetisu
Koksu,41946,Zhetisu
Karatal,39762,Zhetisu
Panfilov,134351,Zhetisu
Sarkand,39276,Zhetisu
Qaragandy city,521847,Qaragandy
Balkhash,77407,Qaragandy
Priozersk,11115,Qaragandy
Saran,43708,Qaragandy
Temirtau,177122,Qaragandy
Shakhtinsk,58079,Qaragandy
Abay,58611,Qaragandy
Aktogay,15811,Qaragandy
Bukhar-Zhyrau,52531,Qaragandy
Karkaraly,30188,Qaragandy
Nura,21805,Qaragandy
Osakarov,29640,Qaragandy
Shet,37068,Qaragandy
Qostanai city,269152,Qostanai
Arqalyq,37868,Qostanai
Lisakovsk,34624,Qostanai
Rudnyy,123421,Qostanai
Altynsarin,12245,Qostanai
Amangeldi,13171,Qostanai
Auliekol,34085,Qostanai
Denisov,16077,Qostanai
Zhangeldi,10504,Qostanai
Zhetikara,41868,Qostanai
Kamysty,10468,Qostanai
Karabalyk,24111,Qostanai
Karasu,19884,Qostanai
Kostanay,73277,Qostanai
Mendykara,21503,Qostanai
Naurzum,8790,Qostanai
Sarykol,16964,Qostanai
BeimbetMailin,22510,Qostanai
Uzunkol,14757,Qostanai
Fedorov,23506,Qostanai
Qyzylorda city,358235,Qyzylorda
BayQonyr,33584,Qyzylorda
Aral,79144,Qyzylorda
Zhalagash,35988,Qyzylorda
Zhanakorgan,81327,Qyzylorda
Kazaly,79255,Qyzylorda
Karmakshy,52007,Qyzylorda
Syrdariya,37911,Qyzylorda
Shieli,85932,Qyzylorda
Aktau,284338,Mangystau
Zhanaozen,152141,Mangystau
Beyneu,72899,Mangystau
Karakiyan,36722,Mangystau
Mangistau,35182,Mangystau
Munayli,169893,Mangystau
Tupkaragan,40188,Mangystau
Pavlodar city,368859,Pavlodar
Aksu,72511,Pavlodar
Ekibastuz,145002,Pavlodar
Aktogay,12607,Pavlodar
Bayanaul,23348,Pavlodar
Zhelezin,14922,Pavlodar
Irtysh,16567,Pavlodar
Terenkol,19572,Pavlodar
Akkuly,12130,Pavlodar
May,10370,Pavlodar
Pavlodar,26352,Pavlodar
Uspen,12473,Pavlodar
Sharbakty,18771,Pavlodar
Petropavlovsk,221995,North 
Aiyrtau,31714,North 
Akzhar,13099,North 
MagzhanZhumabaev,26659,North 
Esil,20831,North 
Zhambyl,17662,North 
Kyzylzhar,46471,North 
Mamlyut,17174,North 
Shalakyn,17574,North 
Akkayin,17664,North 
Taiynsha,39212,North 
Timiryazev,9608,North 
Ualikhanov,12773,North 
GabitMusirepov,35044,North 
Turkistan city,230227,Turkistan
Arys,79046,Turkistan
Kentau,99769,Turkistan
Baydibek,48591,Turkistan
Zhetysai,187099,Turkistan
Keles,133756,Turkistan
Kazygurt,117845,Turkistan
Maktaaral,129554,Turkistan
Ordabasy,129235,Turkistan
Otrar,51525,Turkistan
Sayram,237606,Turkistan
Saryagash,222490,Turkistan
Suzak,63158,Turkistan
Tolebi,122038,Turkistan
Tyulkubas,106229,Turkistan
Shardara,84615,Turkistan
Zhezkazgan city,93261,Ulytau
Karazhal,17303,Ulytau
Satpaev,68926,Ulytau
Zhanaarka,30869,Ulytau
Ulytau,11172,Ulytau
Oskemen city,375363,East
Ridder,51380,East
Glubokoe,56373,East
Zaysan,35551,East
Altay,60153,East
Kurshum,21722,East
Katonkaragay,20482,East
Samar,11682,East
Tarbagatay,18848,East
Ulan,33562,East
Shemonaikha,41268,East
Almaty,401758,Astana
Esil,458306,Astana
Saryarka,351313,Astana
Baykonyr,240148,Astana
Nura,193835,Astana
Almaly,266997,Almaty
Alatau,374146,Almaty
Auezov,358257,Almaty
Bostandyk,331138,Almaty
Zhetysu,198831,Almaty
Medeu,248456,Almaty
Nauryzbay,205888,Almaty
Turksib,261111,Almaty
Abay,358316,Shymkent
Al-Farabi,201549,Shymkent
Enbekshi,295716,Shymkent
Karatau,376215,Shymkent
Turan,,Shymkent
