Route_ID,Route_Name,Station_Name,Coordinates,Country
001X,Almaty-2 - Tashkent,Almaty-2,"43.27397375871034, 76.93882354417588",Kazakhstan
001X,Almaty-2 - Tashkent,Otar,"43.53996865179691, 75.21089269268242",Kazakhstan
001X,Almaty-2 - Tashkent,Shu,"43.60109129285158, 73.76073676546521",Kazakhstan
001X,Almaty-2 - Tashkent,Taraz,"42.87054930526968, 71.37970353170346",Kazakhstan
001X,Almaty-2 - Tashkent,Tulkibas,"42.489811034716126, 70.28366215006808",Kazakhstan
001X,Almaty-2 - Tashkent,Mankent,"42.42816579223852, 69.82099546652171",Kazakhstan
001X,Almaty-2 - Tashkent,Shymkent,"42.29875008081238, 69.61033677987854",Kazakhstan
001X,Almaty-2 - Tashkent,Arys 1,"42.41916270659516, 68.79354555713263",Kazakhstan
001X,Almaty-2 - Tashkent,Saryagash,"41.466759960205714, 69.14723031359257",Kazakhstan
001X,Almaty-2 - Tashkent,Keles,"41.406962756202844, 69.20490585160118",Uzbekistan
001X,Almaty-2 - Tashkent,Tashkent-Center,"41.291346255812705, 69.28673136660277",Uzbekistan
007P,Almaty-2 - Saratov,Almaty-2,"43.27397375871034, 76.93882354417588",Kazakhstan
007P,Almaty-2 - Saratov,Kopa,"43.525467766919526, 75.8106760932542",Kazakhstan
007P,Almaty-2 - Saratov,Otar,"43.53996865179691, 75.21089269268242",Kazakhstan
007P,Almaty-2 - Saratov,Shu,"43.60109129285158, 73.76073676546521",Kazakhstan
007P,Almaty-2 - Saratov,Turksib,"42.94572524612612, 72.7470476642911",Kazakhstan
007P,Almaty-2 - Saratov,Taraz,"42.87054930526968, 71.37970353170346",Kazakhstan
007P,Almaty-2 - Saratov,Borandy,"42.62187223747474, 70.77039935693122",Kazakhstan
007P,Almaty-2 - Saratov,Tulkibas,"42.489811034716126, 70.28366215006808",Kazakhstan
007P,Almaty-2 - Saratov,Mankent,"42.42816579223852, 69.82099546652171",Kazakhstan
007P,Almaty-2 - Saratov,Shymkent,"42.29875008081238, 69.61033677987854",Kazakhstan
007P,Almaty-2 - Saratov,Arys 2,"42.433544467095544, 68.78411552397284",Kazakhstan
007P,Almaty-2 - Saratov,Temir,"42.825538747905625, 68.44173437300329",Kazakhstan
007P,Almaty-2 - Saratov,Turkistan,"43.285739444813174, 68.21289679166819",Kazakhstan
007P,Almaty-2 - Saratov,Zhanaqorgan,"43.89976092768468, 67.24691924067373",Kazakhstan
007P,Almaty-2 - Saratov,Tomenaryq,"44.02893921546499, 67.01476221405916",Kazakhstan
007P,Almaty-2 - Saratov,Aqmaya,"44.12912122240177, 66.81982127649876",Kazakhstan
007P,Almaty-2 - Saratov,Shieli,"44.172007900460066, 66.73529790288414",Kazakhstan
007P,Almaty-2 - Saratov,Baigaqum,"44.31099767711194, 66.47787066997687",Kazakhstan
007P,Almaty-2 - Saratov,Belkol,"44.80887242684133, 65.58938284607177",Kazakhstan
007P,Almaty-2 - Saratov,Qyzylorda,"44.854550263831705, 65.49503157838119",Kazakhstan
007P,Almaty-2 - Saratov,Zhosaly,"45.48835383476199, 64.09136901959197",Kazakhstan
007P,Almaty-2 - Saratov,Toretam,"45.651443157223056, 63.316388786471606",Kazakhstan
007P,Almaty-2 - Saratov,Qazaly,"45.85223595940433, 62.15711482670768",Kazakhstan
007P,Almaty-2 - Saratov,Qamystybas,"46.19474818190348, 61.95611187904592",Kazakhstan
007P,Almaty-2 - Saratov,Shomish,"46.408323104390206, 61.87160689330697",Kazakhstan
007P,Almaty-2 - Saratov,Aral Tenizi,"46.8008509810686, 61.674827821916175",Kazakhstan
007P,Almaty-2 - Saratov,Sekseuil,"47.08237310796791, 61.156390203496166",Kazakhstan
007P,Almaty-2 - Saratov,Shalqar,"47.832475461311176, 59.625566241421154",Kazakhstan
007P,Almaty-2 - Saratov,Birshogyr,"48.45560930337759, 58.55004857424693",Kazakhstan
007P,Almaty-2 - Saratov,Mugalzhar,"48.5881661291387, 58.466509049684525",Kazakhstan
007P,Almaty-2 - Saratov,Zhem,"48.82302639879318, 58.148143658757675",Kazakhstan
007P,Almaty-2 - Saratov,Qandyagash,"49.46952820838533, 57.427567275740735",Kazakhstan
007P,Almaty-2 - Saratov,Aqtobe,"50.28108827190089, 57.21451582979279",Kazakhstan
007P,Almaty-2 - Saratov,Zhaisan,"50.84433795526539, 56.20578311681514",Kazakhstan
007P,Almaty-2 - Saratov,Iletsk-1,"51.17111674866431, 54.98602165736035",Russia
007P,Almaty-2 - Saratov,Shyngyrlau,"51.08653517226148, 54.08028895979829",Kazakhstan
007P,Almaty-2 - Saratov,Qazaqstan,"51.17012273859158, 52.9969990900894",Kazakhstan
007P,Almaty-2 - Saratov,Oral,"51.22802492793198, 51.36970024002094",Kazakhstan
007P,Almaty-2 - Saratov,Peremetnaya,"51.19160114642716, 50.85115133433078",Kazakhstan
007P,Almaty-2 - Saratov,Tasqala,"51.10803599946927, 50.295557990497734",Kazakhstan
007P,Almaty-2 - Saratov,Semiglavy-Mar,"51.194988272198735, 50.05250695139448",Kazakhstan
007P,Almaty-2 - Saratov,Ozinki,"51.194513870675905, 49.734846542227984",Russia
007P,Almaty-2 - Saratov,Altata,"51.24122884948113, 48.756801499566926",Russia
007P,Almaty-2 - Saratov,Ershov,"51.348193102722846, 48.27689093088202",Russia
007P,Almaty-2 - Saratov,Mokrous,"51.24056864296918, 47.50967775175961",Russia
007P,Almaty-2 - Saratov,Urbah,"51.23624405361546, 46.976811919925915",Russia
007P,Almaty-2 - Saratov,Saratov-1,"51.541747862614486, 45.99888233322989",Russia
301C,Almaty-2 - Novosibirsk,Almaty-2,"43.27397375871034, 76.93882354417588",Kazakhstan
301C,Almaty-2 - Novosibirsk,Almaty-1,"43.34138341719598, 76.94875693187606",Kazakhstan
301C,Almaty-2 - Novosibirsk,Zhetisu,"43.43066988336242, 77.02057024342652",Kazakhstan
301C,Almaty-2 - Novosibirsk,Baiserke,"43.482548818234015, 77.04526304253378",Kazakhstan
301C,Almaty-2 - Novosibirsk,Zhetigen,"43.6884459561534, 77.1261798895893",Kazakhstan
301C,Almaty-2 - Novosibirsk,Qapshagai,"43.88596334122549, 77.08222806497493",Kazakhstan
301C,Almaty-2 - Novosibirsk,Qosqudyq,"44.079036877847784, 77.41546947479858",Kazakhstan
301C,Almaty-2 - Novosibirsk,Saryozek,"44.356885306986484, 77.9786181557065",Kazakhstan
301C,Almaty-2 - Novosibirsk,Ainabulaq,"44.62100229197138, 77.99444747115005",Kazakhstan
301C,Almaty-2 - Novosibirsk,Koksu,"44.997363796279096, 77.91876815477441",Kazakhstan
301C,Almaty-2 - Novosibirsk,Ushtobe,"45.253097464836024, 77.97604428837616",Kazakhstan
301C,Almaty-2 - Novosibirsk,Molaly,"45.44885545602421, 78.31645469878427",Kazakhstan
301C,Almaty-2 - Novosibirsk,Alazhide,"45.44376873613863, 78.41165801707555",Kazakhstan
301C,Almaty-2 - Novosibirsk,Matai,"45.897476380961635, 78.72259281309461",Kazakhstan
301C,Almaty-2 - Novosibirsk,Lepsi,"46.2386113756084, 78.93222275709195",Kazakhstan
301C,Almaty-2 - Novosibirsk,Arganaty,"46.45010868786231, 79.08351489804674",Kazakhstan
301C,Almaty-2 - Novosibirsk,Aqbalyq,"46.567019358081474, 79.20892906736368",Kazakhstan
301C,Almaty-2 - Novosibirsk,Qaraqum,"46.81905531640938, 79.57467020360399",Kazakhstan
301C,Almaty-2 - Novosibirsk,Aqtogai,"46.95300920207433, 79.68122513488937",Kazakhstan
301C,Almaty-2 - Novosibirsk,Tansyq,"47.28674315504594, 79.81598636801522",Kazakhstan
301C,Almaty-2 - Novosibirsk,Temekili,"47.55346379544866, 80.1224248980571",Kazakhstan
301C,Almaty-2 - Novosibirsk,Koshkental,"47.81642677300577, 80.36566020361336",Kazakhstan
301C,Almaty-2 - Novosibirsk,Ayagoz,"47.963100811144045, 80.4438581901105",Kazakhstan
301C,Almaty-2 - Novosibirsk,Egiz-qyzyl,"48.08461849837337, 80.45774609316089",Kazakhstan
301C,Almaty-2 - Novosibirsk,Ushbiik,"48.4617228854922, 80.57905655941921",Kazakhstan
301C,Almaty-2 - Novosibirsk,Zharma,"48.776301718761665, 80.89172655940736",Kazakhstan
301C,Almaty-2 - Novosibirsk,Kopan-Bulaq,"48.92989722701966, 80.89192955897492",Kazakhstan
301C,Almaty-2 - Novosibirsk,Zhangyz-Tobe,"49.215507967905495, 81.2135266956396",Kazakhstan
301C,Almaty-2 - Novosibirsk,Shar,"49.58485296450926, 81.05224486189434",Kazakhstan
301C,Almaty-2 - Novosibirsk,Suyq-Bulaq,"49.79793826868206, 80.81350743426609",Kazakhstan
301C,Almaty-2 - Novosibirsk,Delbegetei,"50.03904989834489, 80.69148390170622",Kazakhstan
301C,Almaty-2 - Novosibirsk,Shoptiqaq,"50.21736567433415, 80.46874364407844",Kazakhstan
301C,Almaty-2 - Novosibirsk,Zhana-Semei,"50.37040770892096, 80.24391029603632",Kazakhstan
301C,Almaty-2 - Novosibirsk,Semei,"50.43169277001052, 80.26312630026938",Kazakhstan
301C,Almaty-2 - Novosibirsk,Duiseken,"50.58713680119885, 80.41993999959654",Kazakhstan
301C,Almaty-2 - Novosibirsk,Belagash,"50.7624096318219, 80.66458950419052",Kazakhstan
301C,Almaty-2 - Novosibirsk,Overtaking point No. 41,"50.89427041526256, 80.77872794279243",Kazakhstan
301C,Almaty-2 - Novosibirsk,Auyl,"51.04595081818168, 81.03696511212968",Kazakhstan
301C,Almaty-2 - Novosibirsk,Lokot,"51.28850381924893, 81.1024392383411",Russia
301C,Almaty-2 - Novosibirsk,Rubtsovsk,"51.5154551696973, 81.20299820853454",Russia
301C,Almaty-2 - Novosibirsk,Pospelikha,"51.991933135061494, 81.8249534808861",Russia
301C,Almaty-2 - Novosibirsk,Shipunovo,"52.21554439768424, 82.2589940970534",Russia
301C,Almaty-2 - Novosibirsk,Aleyskaya,"52.494671100323764, 82.78847636450257",Russia
301C,Almaty-2 - Novosibirsk,Topchikha,"52.81634890525811, 83.11659495690095",Russia
301C,Almaty-2 - Novosibirsk,Barnaul,"53.35117593301089, 83.75721937237526",Russia
301C,Almaty-2 - Novosibirsk,Altaiskaya,"53.39114952929471, 83.9308704386807",Russia
301C,Almaty-2 - Novosibirsk,Ust-Talmenskaya,"53.821741762008784, 83.56554140829225",Russia
301C,Almaty-2 - Novosibirsk,Cherepanovo,"54.22951615568895, 83.37727894783633",Russia
301C,Almaty-2 - Novosibirsk,Evsino,"54.510833856973264, 83.34073178096178",Russia
301C,Almaty-2 - Novosibirsk,Iskitim,"54.64251753424394, 83.2949761652708",Russia
301C,Almaty-2 - Novosibirsk,Berdsk,"54.76308715107138, 83.11350177204326",Russia
301C,Almaty-2 - Novosibirsk,Seitel,"54.868795304340985, 83.07719787238172",Russia
301C,Almaty-2 - Novosibirsk,Novosibirsk,"55.03552041452152, 82.89639225890858",Russia
145C,Qaragandy - Omsk,Qaragandy-pass,"49.7932544673893, 73.09406501719809",Kazakhstan
145C,Qaragandy - Omsk,Qaragandy-sort,"49.97034680996035, 73.2219320482992",Kazakhstan
145C,Qaragandy - Omsk,Nura,"50.14749348363232, 73.16976079201451",Kazakhstan
145C,Qaragandy - Omsk,Myrza,"50.20642726627311, 73.08702531525823",Kazakhstan
145C,Qaragandy - Omsk,Shoqai,"50.39541212366352, 72.99293510175154",Kazakhstan
145C,Qaragandy - Omsk,Aqtasty,"50.45298464922149, 72.69215798825194",Kazakhstan
145C,Qaragandy - Omsk,Sarybel,"50.559220612717276, 72.5560257990181",Kazakhstan
145C,Qaragandy - Omsk,Anar,"50.66375961612434, 72.39244248269245",Kazakhstan
145C,Qaragandy - Omsk,Arshaly,"50.8588079588578, 72.14597012504125",Kazakhstan
145C,Qaragandy - Omsk,Nurly Zhol,"51.11150647952046, 71.53120281607127",Kazakhstan
145C,Qaragandy - Omsk,Shortandy,"51.70210911269202, 70.998367691966",Kazakhstan
145C,Qaragandy - Omsk,Aqkol,"52.01437361669719, 70.9386243935674",Kazakhstan
145C,Qaragandy - Omsk,Makinka,"52.634031592872105, 70.41265230093397",Kazakhstan
145C,Qaragandy - Omsk,Burabai,"52.92115828632726, 70.18179989617845",Kazakhstan
145C,Qaragandy - Omsk,Kokshetau-1,"53.28827266638432, 69.42208403607364",Kazakhstan
145C,Qaragandy - Omsk,Taiynsha,"53.84093572659244, 69.74450246729121",Kazakhstan
145C,Qaragandy - Omsk,Qiyaly,"54.18558153848551, 69.63891702356501",Kazakhstan
145C,Qaragandy - Omsk,Smirnovo,"54.51672702866777, 69.43405446045355",Kazakhstan
145C,Qaragandy - Omsk,Petropavl,"54.856594713599975, 69.17025732116335",Kazakhstan
145C,Qaragandy - Omsk,Bulaevo-1,"54.90548980880006, 70.44863390589481",Kazakhstan
145C,Qaragandy - Omsk,Isilkul,"54.9101652006352, 71.26129114898457",Russia
145C,Qaragandy - Omsk,Moskalenki,"54.93642500319921, 71.93496353703246",Russia
145C,Qaragandy - Omsk,Omsk-pass,"54.939917336804854, 73.38496294824299",Russia
625C,Atyrau - Astrakhan-1,Atyrau,"47.12935752647344, 51.956565631184084",Kazakhstan
625C,Atyrau - Astrakhan-1,Maxambet,"47.17982924218057, 51.77794715234502",Kazakhstan
625C,Atyrau - Astrakhan-1,Qyzylzhar,"47.19419721745335, 51.722167434287066",Kazakhstan
625C,Atyrau - Astrakhan-1,Tumandy,"47.25228902303046, 51.42863218639743",Kazakhstan
625C,Atyrau - Astrakhan-1,#16,"47.25828597993231, 51.219422135201185",Kazakhstan
625C,Atyrau - Astrakhan-1,Baqsai,"47.249331737351994, 51.056659371091264",Kazakhstan
625C,Atyrau - Astrakhan-1,Aq-qystau,"47.19655577866682, 50.91025569146671",Kazakhstan
625C,Atyrau - Astrakhan-1,#15,"47.18461718597708, 50.83531713378037",Kazakhstan
625C,Atyrau - Astrakhan-1,#14,"47.06181661264127, 50.56671519428601",Kazakhstan
625C,Atyrau - Astrakhan-1,Naryn,"46.982841452454835, 50.418379263068424",Kazakhstan
625C,Atyrau - Astrakhan-1,Sazanquraq,"46.91093534150989, 50.27847499806599",Kazakhstan
625C,Atyrau - Astrakhan-1,#11,"46.883320036915364, 50.22869921566663",Kazakhstan
625C,Atyrau - Astrakhan-1,Isatai,"46.802456267195986, 50.067088711561645",Kazakhstan
625C,Atyrau - Astrakhan-1,#10,"46.755255528278305, 49.90489477327333",Kazakhstan
625C,Atyrau - Astrakhan-1,#9,"46.72318716981033, 49.7156772247885",Kazakhstan
625C,Atyrau - Astrakhan-1,Afanasyevo,"46.70547557115986, 49.551334414043396",Kazakhstan
625C,Atyrau - Astrakhan-1,#7,"46.68237823381093, 49.363105986505715",Kazakhstan
625C,Atyrau - Astrakhan-1,#6,"46.666288571567, 49.195386541212216",Kazakhstan
625C,Atyrau - Astrakhan-1,Ganyushkino,"46.66189778425078, 49.05119388823796",Kazakhstan
625C,Atyrau - Astrakhan-1,Dina Nurpeisova,"46.66256636872119, 48.53634020361335",Kazakhstan
625C,Atyrau - Astrakhan-1,Aksarayskaya-1,"46.79517487474993, 48.00441387478324",Russia
625C,Atyrau - Astrakhan-1,Buzansky,"46.73193146904739, 48.02699158337673",Russia
625C,Atyrau - Astrakhan-1,Astrakhan-1,"46.36052929166416, 48.05901973057922",Russia
113C,Almaty-2 - Kazan,Almaty-2,"43.27397375871034, 76.93882354417588",Kazakhstan
113C,Almaty-2 - Kazan,Almaty-1,"43.34138341719598, 76.94875693187606",Kazakhstan
113C,Almaty-2 - Kazan,Shamalgan,"43.37914107905498, 76.6275444012665",Kazakhstan
113C,Almaty-2 - Kazan,Qazybek-bek,"43.59505188679517, 76.31931602214075",Kazakhstan
113C,Almaty-2 - Kazan,Otar,"43.54342044871092, 75.19271236346304",Kazakhstan
113C,Almaty-2 - Kazan,Bel,"43.74312685235779, 74.70615153633923",Kazakhstan
113C,Almaty-2 - Kazan,Ala-Aigyr,"43.82909294254496, 74.45180635572923",Kazakhstan
113C,Almaty-2 - Kazan,Shoqpar,"43.821169036390984, 74.3768514575757",Kazakhstan
113C,Almaty-2 - Kazan,Kok-Tobe,"43.81684610636996, 73.96283942090713",Kazakhstan
113C,Almaty-2 - Kazan,Berlik 1,"43.66188223846388, 73.8143199999258",Kazakhstan
113C,Almaty-2 - Kazan,Shu,"43.60131612771627, 73.76036574505189",Kazakhstan
113C,Almaty-2 - Kazan,Xantau,"44.226194623596555, 73.79877781340771",Kazakhstan
113C,Almaty-2 - Kazan,Qara-Sai,"44.814281945083465, 73.90781218642017",Kazakhstan
113C,Almaty-2 - Kazan,Shyganaq,"45.10589024150041, 73.9669774210003",Kazakhstan
113C,Almaty-2 - Kazan,Myn-Aral,"45.44691236486476, 73.6524043729392",Kazakhstan
113C,Almaty-2 - Kazan,Zhastar,"45.55412238565198, 73.4610455268872",Kazakhstan
113C,Almaty-2 - Kazan,Koktas,"46.025399741373946, 73.564876366558",Kazakhstan
113C,Almaty-2 - Kazan,Sary-Shagan,"46.11925281602331, 73.60595457673796",Kazakhstan
113C,Almaty-2 - Kazan,Novaly,"46.45609999999329, 73.6078858306143",Kazakhstan
113C,Almaty-2 - Kazan,Qara-Zhyngyl,"46.86364598580684, 73.50020072875645",Kazakhstan
113C,Almaty-2 - Kazan,Moiynty,"47.21861542588594, 73.36114311897985",Kazakhstan
113C,Almaty-2 - Kazan,Aqshagyl,"47.817071182349466, 72.92776344039387",Kazakhstan
113C,Almaty-2 - Kazan,Aqadyr,"48.26352000000003, 72.85626688085898",Kazakhstan
113C,Almaty-2 - Kazan,Zharyq,"48.858870749216734, 72.82997115830833",Kazakhstan
113C,Almaty-2 - Kazan,Qaramuryn,"49.254397738712065, 72.97277691122844",Kazakhstan
113C,Almaty-2 - Kazan,Qarabas,"49.57711409549771, 72.89377664569518",Kazakhstan
113C,Almaty-2 - Kazan,Qaragandy-pass,"49.793190122053964, 73.09433351339246",Kazakhstan
113C,Almaty-2 - Kazan,Qaragandy-sort,"49.96662859312668, 73.22114344037904",Kazakhstan
113C,Almaty-2 - Kazan,Myrza,"50.20648310555678, 73.08678024483572",Kazakhstan
113C,Almaty-2 - Kazan,Aqtasty,"50.45298464922149, 72.69215798825194",Kazakhstan
113C,Almaty-2 - Kazan,Anar,"50.66375961612434, 72.39244248269245",Kazakhstan
113C,Almaty-2 - Kazan,Babatai,"50.96746853626935, 71.95941761871822",Kazakhstan
113C,Almaty-2 - Kazan,Nurly Zhol,"51.11150647952046, 71.53120281607127",Kazakhstan
113C,Almaty-2 - Kazan,Shortandy,"51.70210911269202, 70.998367691966",Kazakhstan
113C,Almaty-2 - Kazan,Ak-kol,"52.01437361669719, 70.9386243935674",Kazakhstan
113C,Almaty-2 - Kazan,Makinka,"52.634031592872105, 70.41265230093397",Kazakhstan
113C,Almaty-2 - Kazan,Burabai,"52.92115828632726, 70.18179989617845",Kazakhstan
113C,Almaty-2 - Kazan,Kokshetau-1,"53.28827266638432, 69.42208403607364",Kazakhstan
113C,Almaty-2 - Kazan,Zhaman-ashy,"53.438112615512644, 69.47984040392548",Kazakhstan
113C,Almaty-2 - Kazan,Azat,"53.562065995268966, 69.52888963829922",Kazakhstan
113C,Almaty-2 - Kazan,Prirechnaya,"53.70650010762243, 69.61112349309451",Kazakhstan
113C,Almaty-2 - Kazan,Taiynsha,"53.840755502218336, 69.74459412847364",Kazakhstan
113C,Almaty-2 - Kazan,Qiyaly,"54.18558221698599, 69.63883688481899",Kazakhstan
113C,Almaty-2 - Kazan,Smirnovo,"54.51677113854959, 69.43412145773917",Kazakhstan
113C,Almaty-2 - Kazan,Petropavl,"54.856688693048774, 69.170536075251",Kazakhstan
113C,Almaty-2 - Kazan,Mamlutka,"54.93652356610004, 68.53783386900238",Kazakhstan
113C,Almaty-2 - Kazan,Petuhovo,"55.07142771430981, 67.88807655943953",Russia
113C,Almaty-2 - Kazan,Makushino,"55.222372267890584, 67.2187076385301",Russia
113C,Almaty-2 - Kazan,Lebyazhya-Sibirskaya,"55.26799723049672, 66.48985924785647",Russia
113C,Almaty-2 - Kazan,Kurgan Pass.,"55.441517569250614, 65.31905285412036",Russia
113C,Almaty-2 - Kazan,Kargapole,"55.86316397928266, 64.20715166129982",Russia
113C,Almaty-2 - Kazan,Shadrinsk,"56.09407212101361, 63.609349067365635",Russia
113C,Almaty-2 - Kazan,Dalmatovo,"56.26309616567386, 62.9383114575826",Russia
113C,Almaty-2 - Kazan,Kataysk,"56.28810298913376, 62.596208453872336",Russia
113C,Almaty-2 - Kazan,Kamensk-Uralsky,"56.42706740280843, 61.92285533061975",Russia
113C,Almaty-2 - Kazan,Yekaterinburg Pass.,"56.85850838927219, 60.602279465516226",Russia
113C,Almaty-2 - Kazan,Druzhinino,"56.79089554663364, 59.51770315724272",Russia
113C,Almaty-2 - Kazan,Krasnoufimsk,"56.59736601911334, 57.758011294438916",Russia
113C,Almaty-2 - Kazan,Chernushka,"56.498052599990295, 56.07875585387084",Russia
113C,Almaty-2 - Kazan,Janaul,"56.271384828136966, 54.92925642689859",Russia
113C,Almaty-2 - Kazan,Sarapul,"56.45066474672297, 53.78172507986262",Russia
113C,Almaty-2 - Kazan,Agryz-1,"56.5251220468386, 53.01351781156868",Russia
113C,Almaty-2 - Kazan,Ometevo,"55.77713523640568, 49.16822226813069",Russia
113C,Almaty-2 - Kazan,Kazan Pass.,"55.78825341208231, 49.10019020148032",Russia
113C,Qaragandy - Moscow,Qaragandy-pass,"49.793190122053964, 73.09433351339246",Kazakhstan
113C,Qaragandy - Moscow,Qaragandy-sort,"49.96662859312668, 73.22114344037904",Kazakhstan
113C,Qaragandy - Moscow,Myrza,"50.20648310555678, 73.08678024483572",Kazakhstan
113C,Qaragandy - Moscow,Aqtasty,"50.45298464922149, 72.69215798825194",Kazakhstan
113C,Qaragandy - Moscow,Anar,"50.66375961612434, 72.39244248269245",Kazakhstan
113C,Qaragandy - Moscow,Babatai,"50.96746853626935, 71.95941761871822",Kazakhstan
113C,Qaragandy - Moscow,Nurly Zhol,"51.11150647952046, 71.53120281607127",Kazakhstan
113C,Qaragandy - Moscow,Shortandy,"51.70210911269202, 70.998367691966",Kazakhstan
113C,Qaragandy - Moscow,Ak-kol,"52.01437361669719, 70.9386243935674",Kazakhstan
113C,Qaragandy - Moscow,Makinka,"52.634031592872105, 70.41265230093397",Kazakhstan
113C,Qaragandy - Moscow,Burabai,"52.92115828632726, 70.18179989617845",Kazakhstan
113C,Qaragandy - Moscow,Kokshetau-1,"53.28827266638432, 69.42208403607364",Kazakhstan
113C,Qaragandy - Moscow,Zhaman-ashy,"53.438112615512644, 69.47984040392548",Kazakhstan
113C,Qaragandy - Moscow,Azat,"53.562065995268966, 69.52888963829922",Kazakhstan
113C,Qaragandy - Moscow,Prirechnaya,"53.70650010762243, 69.61112349309451",Kazakhstan
113C,Qaragandy - Moscow,Taiynsha,"53.840755502218336, 69.74459412847364",Kazakhstan
113C,Qaragandy - Moscow,Zhanazhol,"54.32026865042356, 69.56965444371339",Kazakhstan
113C,Qaragandy - Moscow,Smirnovo,"54.51677113854959, 69.43412145773917",Kazakhstan
113C,Qaragandy - Moscow,Petropavl,"54.856688693048774, 69.170536075251",Kazakhstan
113C,Qaragandy - Moscow,Mamlutka,"54.93652356610004, 68.53783386900238",Kazakhstan
113C,Qaragandy - Moscow,Petuhovo,"55.07142771430981, 67.88807655943953",Russia
113C,Qaragandy - Moscow,Makushino,"55.222372267890584, 67.2187076385301",Russia
113C,Qaragandy - Moscow,Lebyazhya-Sibirskaya,"55.26799723049672, 66.48985924785647",Russia
113C,Qaragandy - Moscow,Kurgan Pass.,"55.441517569250614, 65.31905285412036",Russia
113C,Qaragandy - Moscow,Shumiha,"55.22458223678833, 63.28984743853008",Russia
113C,Qaragandy - Moscow,Kayasan,"55.2066811014583, 62.242501514426266",Russia
113C,Qaragandy - Moscow,Chelyabinsk-The Main,"55.14143982838106, 61.415315317641",Russia
113C,Qaragandy - Moscow,Miass-1,"55.024053795436636, 60.1332265702921",Russia
113C,Qaragandy - Moscow,Zlatoust,"55.20046914283561, 59.720932349293015",Russia
113C,Qaragandy - Moscow,Berdyaus,"55.159111105934095, 59.14424141467798",Russia
113C,Qaragandy - Moscow,Suleya,"55.13374266638819, 58.88688897899665",Russia
113C,Qaragandy - Moscow,Vyazovaya,"54.90602219535144, 58.34793292319673",Russia
113C,Qaragandy - Moscow,Ust-Katav,"54.93603601908798, 58.183242386613344",Russia
113C,Qaragandy - Moscow,Kropachevo,"55.01105374271107, 57.984563714499934",Russia
113C,Qaragandy - Moscow,Asha,"54.9958740167107, 57.26638136366775",Russia
113C,Qaragandy - Moscow,Ufa,"54.74758654802008, 55.947952338071595",Russia
113C,Qaragandy - Moscow,Chishmi-vostochnye,"54.588789383551955, 55.39042844231796",Russia
113C,Qaragandy - Moscow,Aksakovo,"54.018678993139766, 54.151614553883725",Russia
113C,Qaragandy - Moscow,Abdulino,"53.69302348933853, 53.64737819199818",Russia
113C,Qaragandy - Moscow,Samara,"53.18572582896081, 50.121434276648486",Russia
113C,Qaragandy - Moscow,Zvezda,"52.95659605716532, 49.61558242875597",Russia
113C,Qaragandy - Moscow,Syzran,"53.170057055385875, 48.48176103465412",Russia
113C,Qaragandy - Moscow,Kuznetsk,"53.112036859900684, 46.600507005968765",Russia
113C,Qaragandy - Moscow,Chaadaevka,"53.14077703304621, 45.91935396122049",Russia
113C,Qaragandy - Moscow,Aseevskaya,"53.108537593947126, 45.68901580174433",Russia
113C,Qaragandy - Moscow,Penza-1,"53.20398590040829, 45.01246450464071",Russia
113C,Qaragandy - Moscow,Studenets,"53.157128333351054, 44.26309799904279",Russia
113C,Qaragandy - Moscow,Morshansk,"53.441865890493894, 41.76601000177133",Russia
113C,Qaragandy - Moscow,Khludovo,"53.50563042366597, 41.42938354419823",Russia
113C,Qaragandy - Moscow,Zhelobovo,"53.688960447069434, 40.72806699015366",Russia
113C,Qaragandy - Moscow,Ryazhsk-1,"53.70826604890854, 40.10424124966436",Russia
113C,Qaragandy - Moscow,Skopin,"53.82476743788539, 39.57580560784557",Russia
113C,Qaragandy - Moscow,Luzhkovskaya,"54.03908897377606, 39.10821064805336",Russia
113C,Qaragandy - Moscow,Mikhailov,"54.22444703900481, 39.01274265387236",Russia
113C,Qaragandy - Moscow,Serebryanye Prudy,"54.45910017222177, 38.72169843813925",Russia
113C,Qaragandy - Moscow,Uzunovo,"54.54495441273716, 38.61960118455689",Russia
113C,Qaragandy - Moscow,Ozherele,"54.80159261579708, 38.27309782013801",Russia
113C,Qaragandy - Moscow,Moscow-Paveletski ,"55.729443357726716, 37.639593117120015",Russia
649F,Nukus - Mangystau,Nukus,"42.43833088185066, 59.64347977849746",Uzbekistan
649F,Nukus - Mangystau,Hodgeili,"42.408535646364626, 59.433044551915266",Uzbekistan
649F,Nukus - Mangystau,Kungrad,"43.04096140911345, 58.841058949460866",Uzbekistan
649F,Nukus - Mangystau,Zhaslyk,"43.973858175060684, 57.48872972248263",Uzbekistan
649F,Nukus - Mangystau,Karakalpakstan,"44.76659979768054, 56.19941908857844",Uzbekistan
649F,Nukus - Mangystau,Beyneu,"45.32134878285684, 55.197086886193645",Kazakhstan
649F,Nukus - Mangystau,Sai-Utes,"44.328295379774254, 53.528145375903044",Kazakhstan
649F,Nukus - Mangystau,Shetpe,"44.13833389765912, 52.169851779009996",Kazakhstan
649F,Nukus - Mangystau,Tamaq,"43.76912225234894, 51.34537228644289",Kazakhstan
649F,Nukus - Mangystau,Mangystau,"43.69693161397599, 51.308812501769346",Kazakhstan
305F,Tashkent - Moscow,Tashkent-Center,"41.291346255812705, 69.28673136660277",Uzbekistan
305F,Tashkent - Moscow,Keles,"41.406962756202844, 69.20490585160118",Uzbekistan
305F,Tashkent - Moscow,Saryagash,"41.466759960205714, 69.14723031359257",Kazakhstan
305F,Tashkent - Moscow,Arys 1,"42.41916270659516, 68.79354555713263",Kazakhstan
305F,Tashkent - Moscow,#37,"42.74086804397752, 68.50756406905917",Kazakhstan
305F,Tashkent - Moscow,Temir,"42.825538747905625, 68.44173437300329",Kazakhstan
305F,Tashkent - Moscow,Turkistan,"43.285739444813174, 68.21289679166819",Kazakhstan
305F,Tashkent - Moscow,Zhanaqorgan,"43.89976092768468, 67.24691924067373",Kazakhstan
305F,Tashkent - Moscow,Zailma,"43.947656826546684, 67.1829726527359",Kazakhstan
305F,Tashkent - Moscow,Shieli,"44.17198556153401, 66.73506351835529",Kazakhstan
305F,Tashkent - Moscow,Sulutobe,"44.633005024361495, 66.04959951993112",Kazakhstan
305F,Tashkent - Moscow,Kerkelmes,"44.66826369775156, 65.96371390669758",Kazakhstan
305F,Tashkent - Moscow,#14,"44.70764271836937, 65.87211445556594",Kazakhstan
305F,Tashkent - Moscow,Birqazan,"44.76921714922033, 65.74955473553779",Kazakhstan
305F,Tashkent - Moscow,Belkol,"44.80889667956299, 65.58926258215172",Kazakhstan
305F,Tashkent - Moscow,Qyzylorda,"44.85453315106278, 65.49499134532962",Kazakhstan
305F,Tashkent - Moscow,Zalagash,"45.07732189404917, 64.68302390670698",Kazakhstan
305F,Tashkent - Moscow,Zhosaly,"45.48829683736929, 64.0913978134659",Kazakhstan
305F,Tashkent - Moscow,Toretam,"45.65145830125853, 63.31637083368812",Kazakhstan
305F,Tashkent - Moscow,Qazaly,"45.85183365557066, 62.15765525782168",Kazakhstan
305F,Tashkent - Moscow,Aral Tenizi,"46.80086668582962, 61.67484228369545",Kazakhstan
305F,Tashkent - Moscow,Sekseuil,"47.082489627318324, 61.15623947633169",Kazakhstan
305F,Tashkent - Moscow,Shalqar,"47.832552022683686, 59.62543734718309",Kazakhstan
305F,Tashkent - Moscow,Zhem,"48.82303412651021, 58.147754976019584",Kazakhstan
305F,Tashkent - Moscow,Qandyagash,"49.46986340000001, 57.427523091359795",Kazakhstan
305F,Tashkent - Moscow,Aqtobe,"50.281117916068496, 57.214468751500696",Kazakhstan
305F,Tashkent - Moscow,Zhaisan,"50.84462005908243, 56.2061783660781",Kazakhstan
305F,Tashkent - Moscow,Iletsk-1,"51.17120853596155, 54.98607346805125",Russia
305F,Tashkent - Moscow,Orenburg,"51.77634925212413, 55.074703105931",Russia
305F,Tashkent - Moscow,Sorochinskaya,"52.42864334862411, 53.14904187972755",Russia
305F,Tashkent - Moscow,Buzuluk,"52.768492275421806, 52.27058346009849",Russia
305F,Tashkent - Moscow,Samara,"53.18570654206048, 50.121332352738",Russia
305F,Tashkent - Moscow,Zvezda,"52.956654226511134, 49.61550196251872",Russia
305F,Tashkent - Moscow,Syzran,"53.170060490055214, 48.481784988534464",Russia
305F,Tashkent - Moscow,Kuznetsk,"53.112012915190384, 46.60039903276642",Russia
305F,Tashkent - Moscow,Chaadaevka,"53.14081672152486, 45.91936846623449",Russia
305F,Tashkent - Moscow,Aseevskaya,"53.108522881057475, 45.689102449027715",Russia
305F,Tashkent - Moscow,Penza-1,"53.204076935956955, 45.012324333694856",Russia
305F,Tashkent - Moscow,Studenets,"53.157128333351054, 44.26309799904279",Russia
305F,Tashkent - Moscow,Morshansk,"53.441865890493894, 41.76601000177133",Russia
305F,Tashkent - Moscow,Xludovo,"53.50563042366597, 41.42938354419823",Russia
305F,Tashkent - Moscow,Zhelobovo,"53.688960447069434, 40.72806699015366",Russia
305F,Tashkent - Moscow,Ryazhsk-1,"53.70826604890854, 40.10424124966436",Russia
305F,Tashkent - Moscow,Skopin,"53.82476743788539, 39.57580560784557",Russia
305F,Tashkent - Moscow,Luzhkovskaya,"54.03908897377606, 39.10821064805336",Russia
305F,Tashkent - Moscow,Mikhailov,"54.22444703900481, 39.01274265387236",Russia
305F,Tashkent - Moscow,Serebryanye Prudy,"54.45910017222177, 38.72169843813925",Russia
305F,Tashkent - Moscow,Uzunovo,"54.54495441273716, 38.61960118455689",Russia
305F,Tashkent - Moscow,Ozherele,"54.80159261579708, 38.27309782013801",Russia
305F,Tashkent - Moscow,Moscow-Paveletski ,"55.729443357726716, 37.639593117120015",Russia
359S,Khujand - Volgograd,Khujand,"40.225369691566094, 69.72920949995398",Tajikistan
359S,Khujand - Volgograd,Nau,"40.16730307231046, 69.36128130033474",Tajikistan
359S,Khujand - Volgograd,Bekabad,"40.214651469201414, 69.2279735874372",Uzbekistan
359S,Khujand - Volgograd,Samarkand,"39.685476756493834, 66.92905068157478",Uzbekistan
359S,Khujand - Volgograd,Zirabulak,"39.91588200172802, 65.92750624688483",Uzbekistan
359S,Khujand - Volgograd,Ziyavudin,"40.027026134023764, 65.65959954554523",Uzbekistan
359S,Khujand - Volgograd,Navoi,"40.07380865706595, 65.39743931155984",Uzbekistan
359S,Khujand - Volgograd,Bukhara 1,"39.72242274791543, 64.54845960173819",Uzbekistan
359S,Khujand - Volgograd,Miskin,"41.380062760376234, 61.26402808532824",Uzbekistan
359S,Khujand - Volgograd,Nukus,"42.437990410171274, 59.64311499805908",Uzbekistan
359S,Khujand - Volgograd,Tahiatas Pristan,"42.346739647446, 59.5637180171299",Uzbekistan
359S,Khujand - Volgograd,Khatep,"42.50028698075644, 59.3207852036188",Uzbekistan
359S,Khujand - Volgograd,Kungrad,"43.04085203845235, 58.841604799596546",Uzbekistan
359S,Khujand - Volgograd,Zhaslyk,"43.972044388178055, 57.489685838122696",Uzbekistan
359S,Khujand - Volgograd,Karakalpakstan,"44.76662999999574, 56.199467084555906",Uzbekistan
359S,Khujand - Volgograd,Beineu,"45.32141608751248, 55.19721890175057",Kazakhstan
359S,Khujand - Volgograd,Qulsary,"46.95070372568982, 53.936716345126236",Kazakhstan
359S,Khujand - Volgograd,Bekbeke,"47.4249872586439, 53.64422344040326",Kazakhstan
359S,Khujand - Volgograd,Makat,"47.643328913953496, 53.33848510176986",Kazakhstan
359S,Khujand - Volgograd,402 km,"47.61359169780817, 53.22905218640535",Kazakhstan
359S,Khujand - Volgograd,Dossor,"47.5108434808102, 52.96264583061628",Kazakhstan
359S,Khujand - Volgograd,Atyrau,"47.070833614681845, 51.88133020175649",Kazakhstan
359S,Khujand - Volgograd,Aq-qystau,"47.19674290066852, 50.910194269224505",Kazakhstan
359S,Khujand - Volgograd,Isatai,"46.80260318448101, 50.06745906129585",Kazakhstan
359S,Khujand - Volgograd,Ganyushkino,"46.661157269958885, 49.05175689992384",Kazakhstan
359S,Khujand - Volgograd,Aksarayskaya-1,"46.795174874751254, 48.00425294224383",Russia
359S,Khujand - Volgograd,Verkhny Baskunchak,"48.22950708200319, 46.72469538825726",Russia
359S,Khujand - Volgograd,Vladimirovka,"48.292695388170515, 46.1704074907375",Russia
359S,Khujand - Volgograd,Kolobovka,"48.660627546342795, 45.51510168642164",Russia
359S,Khujand - Volgograd,Volzhsky,"48.81013248993048, 44.75429922876537",Russia
359S,Khujand - Volgograd,Volgograd-1,"48.71233541996201, 44.51309904147455",Russia
124F,Tashkent - Volgograd,Tashkent-Center,"41.291346255812705, 69.28673136660277",Uzbekistan
124F,Tashkent - Volgograd,Dzhizak,"40.097980046054055, 67.84326257486435",Uzbekistan
124F,Tashkent - Volgograd,Samarkand,"39.6853859349514, 66.92899703739651",Uzbekistan
124F,Tashkent - Volgograd,Navoi,"40.07380865706595, 65.39743931155984",Uzbekistan
124F,Tashkent - Volgograd,Bukhara 1,"39.72242274791543, 64.54845960173819",Uzbekistan
124F,Tashkent - Volgograd,Urgench,"41.536061974040194, 60.632910861994645",Uzbekistan
124F,Tashkent - Volgograd,Khazarasp,"41.31320776578063, 61.081693177869674",Uzbekistan
124F,Tashkent - Volgograd,Miskin,"41.380137798896456, 61.26407463554328",Uzbekistan
124F,Tashkent - Volgograd,Turtgul,"41.570804369645884, 61.032658868084575",Uzbekistan
124F,Tashkent - Volgograd,Nukus,"42.43807750774966, 59.64319546437975",Uzbekistan
124F,Tashkent - Volgograd,Kungrad,"43.04100547531379, 58.841528386031534",Uzbekistan
124F,Tashkent - Volgograd,Jaslyk,"43.989923815612016, 57.50210340788477",Uzbekistan
124F,Tashkent - Volgograd,Karakalpakstan,"44.766691767018756, 56.19951334390858",Uzbekistan
124F,Tashkent - Volgograd,Beineu,"45.32143871877653, 55.19705260485146",Kazakhstan
124F,Tashkent - Volgograd,#467,"46.67095570594667, 54.142919108554764",Kazakhstan
124F,Tashkent - Volgograd,Qulsary,"46.950782676214516, 53.93652682204661",Kazakhstan
124F,Tashkent - Volgograd,Makat,"47.643479956932445, 53.33757892019566",Kazakhstan
124F,Tashkent - Volgograd,Dossor,"47.51082152004052, 52.962579807251345",Kazakhstan
124F,Tashkent - Volgograd,Atyrau,"47.1315784562898, 51.95645831048912",Kazakhstan
124F,Tashkent - Volgograd,Isatai,"46.80700796915624, 50.064487976093965",Kazakhstan
124F,Tashkent - Volgograd,#10,"46.755255528278305, 49.90489477327333",Kazakhstan
124F,Tashkent - Volgograd,Ganyushkino,"46.66189778425078, 49.05119388823796",Kazakhstan
124F,Tashkent - Volgograd,Dina Nurpeisova,"46.66256636872119, 48.53634020361335",Kazakhstan
124F,Tashkent - Volgograd,Aksarayskaya-1,"46.79517487474993, 48.00441387478324",Russia
124F,Tashkent - Volgograd,Verkhny Baskunchak,"48.22950708200319, 46.72469538825726",Russia
124F,Tashkent - Volgograd,Vladimirovka,"48.292695388170515, 46.1704074907375",Russia
124F,Tashkent - Volgograd,Leninsk,"48.723525388268015, 45.21414862205251",Russia
124F,Tashkent - Volgograd,Zaplavnoe,"48.74106660445357, 45.02327089320756",Russia
124F,Tashkent - Volgograd,Volzhsky,"48.810217276374004, 44.75427240671437",Russia
124F,Tashkent - Volgograd,Volgograd-1,"48.712515060055246, 44.51322909742518",Russia
369F,Tashkent - Novosibirsk,Tashkent-Center,"41.291346255812705, 69.28673136660277",Uzbekistan
369F,Tashkent - Novosibirsk,Keles,"41.406962756202844, 69.20490585160118",Uzbekistan
369F,Tashkent - Novosibirsk,Saryagash,"41.466759960205714, 69.14723031359257",Kazakhstan
369F,Tashkent - Novosibirsk,Arys 1,"42.41916270659516, 68.79354555713263",Kazakhstan
369F,Tashkent - Novosibirsk,Shymkent,"42.29875008081238, 69.61033677987854",Kazakhstan
369F,Tashkent - Novosibirsk,Mankent,"42.42816579223852, 69.82099546652171",Kazakhstan
369F,Tashkent - Novosibirsk,Tulkibas,"42.489811034716126, 70.28366215006808",Kazakhstan
369F,Tashkent - Novosibirsk,Borandy,"42.62187223747474, 70.77039935693122",Kazakhstan
369F,Tashkent - Novosibirsk,Taraz,"42.87054930526968, 71.37970353170346",Kazakhstan
369F,Tashkent - Novosibirsk,Turksib,"42.489811034716126, 70.28366215006808",Kazakhstan
369F,Tashkent - Novosibirsk,Shu,"43.60109129285158, 73.76073676546521",Kazakhstan
369F,Tashkent - Novosibirsk,Berlik 1,"43.66188223846388, 73.8143199999258",Kazakhstan
369F,Tashkent - Novosibirsk,Kemer,"43.71485835775358, 73.86277192390824",Kazakhstan
369F,Tashkent - Novosibirsk,Espe,"43.768748197279336, 73.91619609321073",Kazakhstan
369F,Tashkent - Novosibirsk,Shoqpar,"43.821169036390984, 74.3768514575757",Kazakhstan
369F,Tashkent - Novosibirsk,Ala-Aigyr,"43.82909294254496, 74.45180635572923",Kazakhstan
369F,Tashkent - Novosibirsk,Bel,"43.74312685235779, 74.70615153633923",Kazakhstan
369F,Tashkent - Novosibirsk,Otar,"43.54342044871092, 75.19271236346304",Kazakhstan
369F,Tashkent - Novosibirsk,Chilbastau,"43.53470889135671, 75.487368076028",Kazakhstan
369F,Tashkent - Novosibirsk,Shamalgan,"43.37914107905498, 76.6275444012665",Kazakhstan
369F,Tashkent - Novosibirsk,Almaty-1,"43.34138341719598, 76.94875693187606",Kazakhstan
369F,Tashkent - Novosibirsk,Zhetisu,"43.43066988336242, 77.02057024342652",Kazakhstan
369F,Tashkent - Novosibirsk,Baiserke,"43.482548818234015, 77.04526304253378",Kazakhstan
369F,Tashkent - Novosibirsk,Zhetigen,"43.6884459561534, 77.1261798895893",Kazakhstan
369F,Tashkent - Novosibirsk,Qapshagai,"43.88596334122549, 77.08222806497493",Kazakhstan
369F,Tashkent - Novosibirsk,Qosqudyq,"44.079036877847784, 77.41546947479858",Kazakhstan
369F,Tashkent - Novosibirsk,Saryozek,"44.356885306986484, 77.9786181557065",Kazakhstan
369F,Tashkent - Novosibirsk,Ainabulaq,"44.62100229197138, 77.99444747115005",Kazakhstan
369F,Tashkent - Novosibirsk,Koksu,"44.997363796279096, 77.91876815477441",Kazakhstan
369F,Tashkent - Novosibirsk,Ushtobe,"45.253097464836024, 77.97604428837616",Kazakhstan
369F,Tashkent - Novosibirsk,Molaly,"45.44885545602421, 78.31645469878427",Kazakhstan
369F,Tashkent - Novosibirsk,Alazhide,"45.44376873613863, 78.41165801707555",Kazakhstan
369F,Tashkent - Novosibirsk,Matai,"45.897476380961635, 78.72259281309461",Kazakhstan
369F,Tashkent - Novosibirsk,Lepsi,"46.2386113756084, 78.93222275709195",Kazakhstan
369F,Tashkent - Novosibirsk,Arganaty,"46.45010868786231, 79.08351489804674",Kazakhstan
369F,Tashkent - Novosibirsk,Aqbalyq,"46.567019358081474, 79.20892906736368",Kazakhstan
369F,Tashkent - Novosibirsk,Qaraqum,"46.81905531640938, 79.57467020360399",Kazakhstan
369F,Tashkent - Novosibirsk,Aqtogai,"46.95300920207433, 79.68122513488937",Kazakhstan
369F,Tashkent - Novosibirsk,Tansyq,"47.28674315504594, 79.81598636801522",Kazakhstan
369F,Tashkent - Novosibirsk,Temekili,"47.55346379544866, 80.1224248980571",Kazakhstan
369F,Tashkent - Novosibirsk,Koshkental,"47.81642677300577, 80.36566020361336",Kazakhstan
369F,Tashkent - Novosibirsk,Ayagoz,"47.963100811144045, 80.4438581901105",Kazakhstan
369F,Tashkent - Novosibirsk,Egiz-qyzyl,"48.08461849837337, 80.45774609316089",Kazakhstan
369F,Tashkent - Novosibirsk,Ushbiik,"48.4617228854922, 80.57905655941921",Kazakhstan
369F,Tashkent - Novosibirsk,Zharma,"48.776301718761665, 80.89172655940736",Kazakhstan
369F,Tashkent - Novosibirsk,Kopan-Bulaq,"48.92989722701966, 80.89192955897492",Kazakhstan
369F,Tashkent - Novosibirsk,Zhangyz-Tobe,"49.215507967905495, 81.2135266956396",Kazakhstan
369F,Tashkent - Novosibirsk,Shar,"49.58485296450926, 81.05224486189434",Kazakhstan
369F,Tashkent - Novosibirsk,Suyq-Bulaq,"49.79793826868206, 80.81350743426609",Kazakhstan
369F,Tashkent - Novosibirsk,Delbegetei,"50.03904989834489, 80.69148390170622",Kazakhstan
369F,Tashkent - Novosibirsk,Shoptiqaq,"50.21736567433415, 80.46874364407844",Kazakhstan
369F,Tashkent - Novosibirsk,Zhana-Semei,"50.37040770892096, 80.24391029603632",Kazakhstan
369F,Tashkent - Novosibirsk,Semei,"50.43169277001052, 80.26312630026938",Kazakhstan
369F,Tashkent - Novosibirsk,Duiseken,"50.58713680119885, 80.41993999959654",Kazakhstan
369F,Tashkent - Novosibirsk,Belagash,"50.7624096318219, 80.66458950419052",Kazakhstan
369F,Tashkent - Novosibirsk,Overtaking point No. 41,"50.89427041526256, 80.77872794279243",Kazakhstan
369F,Tashkent - Novosibirsk,Auyl,"51.04595081818168, 81.03696511212968",Kazakhstan
369F,Tashkent - Novosibirsk,Lokot,"51.28850381924893, 81.1024392383411",Russia
369F,Tashkent - Novosibirsk,Rubtsovsk,"51.5154551696973, 81.20299820853454",Russia
369F,Tashkent - Novosibirsk,Pospelikha,"51.991933135061494, 81.8249534808861",Russia
369F,Tashkent - Novosibirsk,Shipunovo,"52.21554439768424, 82.2589940970534",Russia
369F,Tashkent - Novosibirsk,Aleyskaya,"52.494671100323764, 82.78847636450257",Russia
369F,Tashkent - Novosibirsk,Topchikha,"52.81634890525811, 83.11659495690095",Russia
369F,Tashkent - Novosibirsk,Barnaul,"53.35117593301089, 83.75721937237526",Russia
369F,Tashkent - Novosibirsk,Altaiskaya,"53.39114952929471, 83.9308704386807",Russia
369F,Tashkent - Novosibirsk,Ust-Talmenskaya,"53.821741762008784, 83.56554140829225",Russia
369F,Tashkent - Novosibirsk,Cherepanovo,"54.22951615568895, 83.37727894783633",Russia
369F,Tashkent - Novosibirsk,Evsino,"54.510833856973264, 83.34073178096178",Russia
369F,Tashkent - Novosibirsk,Iskitim,"54.64251753424394, 83.2949761652708",Russia
369F,Tashkent - Novosibirsk,Berdsk,"54.76308715107138, 83.11350177204326",Russia
369F,Tashkent - Novosibirsk,Seitel,"54.868795304340985, 83.07719787238172",Russia
369F,Tashkent - Novosibirsk,Novosibirsk,"55.03552041452152, 82.89639225890858",Russia
405S,Bishkek - Shu,Bishkek 2,"42.867818472052946, 74.65257018858445",Kyrgyzstan
405S,Bishkek - Shu,Belovodskaya,"42.81822172539674, 74.12474675087904",Kyrgyzstan
405S,Bishkek - Shu,Kara-Balta,"42.81627543998352, 73.85835347601285",Kyrgyzstan
405S,Bishkek - Shu,Kaindi,"42.82438377253392, 73.6761853643669",Kyrgyzstan
405S,Bishkek - Shu,Chaldovar,"42.815609802961866, 73.55278018756376",Kyrgyzstan
405S,Bishkek - Shu,Merki,"42.88548930591125, 73.225847550885",Kazakhstan
405S,Bishkek - Shu,Turksib,"42.945974974304896, 72.74748609320761",Kazakhstan
405S,Bishkek - Shu,Shu,"43.60147037732981, 73.76029490671375",Kazakhstan
317S,Bishkek - Moscow,Bishkek 2,"42.867818472052946, 74.65257018858445",Kyrgyzstan
317S,Bishkek - Moscow,Belovodskaya,"42.81822172539674, 74.12474675087904",Kyrgyzstan
317S,Bishkek - Moscow,Kara-Balta,"42.81627543998352, 73.85835347601285",Kyrgyzstan
317S,Bishkek - Moscow,Kaindi,"42.82438377253392, 73.6761853643669",Kyrgyzstan
317S,Bishkek - Moscow,Chaldovar,"42.815609802961866, 73.55278018756376",Kyrgyzstan
317S,Bishkek - Moscow,Merki,"42.88548930591125, 73.225847550885",Kazakhstan
317S,Bishkek - Moscow,Turksib,"42.945974974304896, 72.74748609320761",Kazakhstan
317S,Bishkek - Moscow,Taraz,"42.87054930526968, 71.37970353170346",Kazakhstan
317S,Bishkek - Moscow,Tulkibas,"42.489811034716126, 70.28366215006808",Kazakhstan
317S,Bishkek - Moscow,Mankent,"42.42816579223852, 69.82099546652171",Kazakhstan
317S,Bishkek - Moscow,Shymkent,"42.29875008081238, 69.61033677987854",Kazakhstan
317S,Bishkek - Moscow,Arys 2,"42.433544467095544, 68.78411552397284",Kazakhstan
317S,Bishkek - Moscow,Temir,"42.825538747905625, 68.44173437300329",Kazakhstan
317S,Bishkek - Moscow,Turkistan,"43.285739444813174, 68.21289679166819",Kazakhstan
317S,Bishkek - Moscow,Zhanaqorgan,"43.89976092768468, 67.24691924067373",Kazakhstan
317S,Bishkek - Moscow,Shieli,"44.172007900460066, 66.73529790288414",Kazakhstan
317S,Bishkek - Moscow,Belkol,"44.80887242684133, 65.58938284607177",Kazakhstan
317S,Bishkek - Moscow,Qyzylorda,"44.854550263831705, 65.49503157838119",Kazakhstan
317S,Bishkek - Moscow,Zhosaly,"45.48835383476199, 64.09136901959197",Kazakhstan
317S,Bishkek - Moscow,Toretam,"45.651443157223056, 63.316388786471606",Kazakhstan
317S,Bishkek - Moscow,Qazaly,"45.85223595940433, 62.15711482670768",Kazakhstan
317S,Bishkek - Moscow,Aral Tenizi,"46.8008509810686, 61.674827821916175",Kazakhstan
317S,Bishkek - Moscow,Sekseuil,"47.08237310796791, 61.156390203496166",Kazakhstan
317S,Bishkek - Moscow,Shalqar,"47.832475461311176, 59.625566241421154",Kazakhstan
317S,Bishkek - Moscow,Zhem,"48.82302639879318, 58.148143658757675",Kazakhstan
317S,Bishkek - Moscow,Qandyagash,"49.46952820838533, 57.427567275740735",Kazakhstan
317S,Bishkek - Moscow,Aqtobe,"50.28108827190089, 57.21451582979279",Kazakhstan
317S,Bishkek - Moscow,Zhaisan,"50.84433795526539, 56.20578311681514",Kazakhstan
317S,Bishkek - Moscow,Iletsk-1,"51.17111674866431, 54.98602165736035",Russia
317S,Bishkek - Moscow,Orenburg,"51.77634925212413, 55.074703105931",Russia
317S,Bishkek - Moscow,Sorochinskaya,"52.42864334862411, 53.14904187972755",Russia
317S,Bishkek - Moscow,Buzuluk,"52.768492275421806, 52.27058346009849",Russia
317S,Bishkek - Moscow,Samara,"53.18570654206048, 50.121332352738",Russia
317S,Bishkek - Moscow,Zvezda,"52.956654226511134, 49.61550196251872",Russia
317S,Bishkek - Moscow,Syzran,"53.170060490055214, 48.481784988534464",Russia
317S,Bishkek - Moscow,Kuznetsk,"53.112012915190384, 46.60039903276642",Russia
317S,Bishkek - Moscow,Chaadaevka,"53.14081672152486, 45.91936846623449",Russia
317S,Bishkek - Moscow,Aseevskaya,"53.108522881057475, 45.689102449027715",Russia
317S,Bishkek - Moscow,Penza-1,"53.204076935956955, 45.012324333694856",Russia
317S,Bishkek - Moscow,Studenets,"53.157128333351054, 44.26309799904279",Russia
317S,Bishkek - Moscow,Morshansk,"53.441865890493894, 41.76601000177133",Russia
317S,Bishkek - Moscow,Xludovo,"53.50563042366597, 41.42938354419823",Russia
317S,Bishkek - Moscow,Zhelobovo,"53.688960447069434, 40.72806699015366",Russia
317S,Bishkek - Moscow,Ryazhsk-1,"53.70826604890854, 40.10424124966436",Russia
317S,Bishkek - Moscow,Skopin,"53.82476743788539, 39.57580560784557",Russia
317S,Bishkek - Moscow,Luzhkovskaya,"54.03908897377606, 39.10821064805336",Russia
317S,Bishkek - Moscow,Mikhailov,"54.22444703900481, 39.01274265387236",Russia
317S,Bishkek - Moscow,Serebryanye Prudy,"54.45910017222177, 38.72169843813925",Russia
317S,Bishkek - Moscow,Uzunovo,"54.54495441273716, 38.61960118455689",Russia
317S,Bishkek - Moscow,Ozherele,"54.80159261579708, 38.27309782013801",Russia
317S,Bishkek - Moscow,Moscow-Paveletski ,"55.729443357726716, 37.639593117120015",Russia
385S,Bishkek - Novosibirsk,Bishkek 2,"42.867818472052946, 74.65257018858445",Kyrgyzstan
385S,Bishkek - Novosibirsk,Belovodskaya,"42.81822172539674, 74.12474675087904",Kyrgyzstan
385S,Bishkek - Novosibirsk,Kara-Balta,"42.81627543998352, 73.85835347601285",Kyrgyzstan
385S,Bishkek - Novosibirsk,Kaindi,"42.82438377253392, 73.6761853643669",Kyrgyzstan
385S,Bishkek - Novosibirsk,Chaldovar,"42.815609802961866, 73.55278018756376",Kyrgyzstan
385S,Bishkek - Novosibirsk,Merki,"42.88548930591125, 73.225847550885",Kazakhstan
385S,Bishkek - Novosibirsk,Turksib,"42.945974974304896, 72.74748609320761",Kazakhstan
385S,Bishkek - Novosibirsk,Shu,"43.60131612771627, 73.76036574505189",Kazakhstan
385S,Bishkek - Novosibirsk,Berlik 1,"43.66188223846388, 73.8143199999258",Kazakhstan
385S,Bishkek - Novosibirsk,Kemer,"43.71485835775358, 73.86277192390824",Kazakhstan
385S,Bishkek - Novosibirsk,Espe,"43.768748197279336, 73.91619609321073",Kazakhstan
385S,Bishkek - Novosibirsk,Shoqpar,"43.821169036390984, 74.3768514575757",Kazakhstan
385S,Bishkek - Novosibirsk,Ala-Aigyr,"43.82909294254496, 74.45180635572923",Kazakhstan
385S,Bishkek - Novosibirsk,Bel,"43.74312685235779, 74.70615153633923",Kazakhstan
385S,Bishkek - Novosibirsk,Otar,"43.54342044871092, 75.19271236346304",Kazakhstan
385S,Bishkek - Novosibirsk,Chilbastau,"43.53470889135671, 75.487368076028",Kazakhstan
385S,Bishkek - Novosibirsk,Shamalgan,"43.37914107905498, 76.6275444012665",Kazakhstan
385S,Bishkek - Novosibirsk,Almaty-1,"43.34138341719598, 76.94875693187606",Kazakhstan
385S,Bishkek - Novosibirsk,Zhetisu,"43.43066988336242, 77.02057024342652",Kazakhstan
385S,Bishkek - Novosibirsk,Baiserke,"43.482548818234015, 77.04526304253378",Kazakhstan
385S,Bishkek - Novosibirsk,Zhetigen,"43.6884459561534, 77.1261798895893",Kazakhstan
385S,Bishkek - Novosibirsk,Qapshagai,"43.88596334122549, 77.08222806497493",Kazakhstan
385S,Bishkek - Novosibirsk,Qosqudyq,"44.079036877847784, 77.41546947479858",Kazakhstan
385S,Bishkek - Novosibirsk,Saryozek,"44.356885306986484, 77.9786181557065",Kazakhstan
385S,Bishkek - Novosibirsk,Ainabulaq,"44.62100229197138, 77.99444747115005",Kazakhstan
385S,Bishkek - Novosibirsk,Koksu,"44.997363796279096, 77.91876815477441",Kazakhstan
385S,Bishkek - Novosibirsk,Ushtobe,"45.253097464836024, 77.97604428837616",Kazakhstan
385S,Bishkek - Novosibirsk,Molaly,"45.44885545602421, 78.31645469878427",Kazakhstan
385S,Bishkek - Novosibirsk,Alazhide,"45.44376873613863, 78.41165801707555",Kazakhstan
385S,Bishkek - Novosibirsk,Matai,"45.897476380961635, 78.72259281309461",Kazakhstan
385S,Bishkek - Novosibirsk,Lepsi,"46.2386113756084, 78.93222275709195",Kazakhstan
385S,Bishkek - Novosibirsk,Arganaty,"46.45010868786231, 79.08351489804674",Kazakhstan
385S,Bishkek - Novosibirsk,Aqbalyq,"46.567019358081474, 79.20892906736368",Kazakhstan
385S,Bishkek - Novosibirsk,Qaraqum,"46.81905531640938, 79.57467020360399",Kazakhstan
385S,Bishkek - Novosibirsk,Aqtogai,"46.95300920207433, 79.68122513488937",Kazakhstan
385S,Bishkek - Novosibirsk,Tansyq,"47.28674315504594, 79.81598636801522",Kazakhstan
385S,Bishkek - Novosibirsk,Temekili,"47.55346379544866, 80.1224248980571",Kazakhstan
385S,Bishkek - Novosibirsk,Koshkental,"47.81642677300577, 80.36566020361336",Kazakhstan
385S,Bishkek - Novosibirsk,Ayagoz,"47.963100811144045, 80.4438581901105",Kazakhstan
385S,Bishkek - Novosibirsk,Egiz-qyzyl,"48.08461849837337, 80.45774609316089",Kazakhstan
385S,Bishkek - Novosibirsk,Ushbiik,"48.4617228854922, 80.57905655941921",Kazakhstan
385S,Bishkek - Novosibirsk,Zharma,"48.776301718761665, 80.89172655940736",Kazakhstan
385S,Bishkek - Novosibirsk,Kopan-Bulaq,"48.92989722701966, 80.89192955897492",Kazakhstan
385S,Bishkek - Novosibirsk,Zhangyz-Tobe,"49.215507967905495, 81.2135266956396",Kazakhstan
385S,Bishkek - Novosibirsk,Shar,"49.58485296450926, 81.05224486189434",Kazakhstan
385S,Bishkek - Novosibirsk,Suyq-Bulaq,"49.79793826868206, 80.81350743426609",Kazakhstan
385S,Bishkek - Novosibirsk,Delbegetei,"50.03904989834489, 80.69148390170622",Kazakhstan
385S,Bishkek - Novosibirsk,Shoptiqaq,"50.21736567433415, 80.46874364407844",Kazakhstan
385S,Bishkek - Novosibirsk,Zhana-Semei,"50.37040770892096, 80.24391029603632",Kazakhstan
385S,Bishkek - Novosibirsk,Semei,"50.43169277001052, 80.26312630026938",Kazakhstan
385S,Bishkek - Novosibirsk,Duiseken,"50.58713680119885, 80.41993999959654",Kazakhstan
385S,Bishkek - Novosibirsk,Belagash,"50.7624096318219, 80.66458950419052",Kazakhstan
385S,Bishkek - Novosibirsk,Overtaking point No. 41,"50.89427041526256, 80.77872794279243",Kazakhstan
385S,Bishkek - Novosibirsk,Auyl,"51.04595081818168, 81.03696511212968",Kazakhstan
385S,Bishkek - Novosibirsk,Lokot,"51.28850381924893, 81.1024392383411",Russia
385S,Bishkek - Novosibirsk,Rubtsovsk,"51.5154551696973, 81.20299820853454",Russia
385S,Bishkek - Novosibirsk,Pospelikha,"51.991933135061494, 81.8249534808861",Russia
385S,Bishkek - Novosibirsk,Shipunovo,"52.21554439768424, 82.2589940970534",Russia
385S,Bishkek - Novosibirsk,Aleyskaya,"52.494671100323764, 82.78847636450257",Russia
385S,Bishkek - Novosibirsk,Topchikha,"52.81634890525811, 83.11659495690095",Russia
385S,Bishkek - Novosibirsk,Barnaul,"53.35117593301089, 83.75721937237526",Russia
385S,Bishkek - Novosibirsk,Altaiskaya,"53.39114952929471, 83.9308704386807",Russia
385S,Bishkek - Novosibirsk,Ust-Talmenskaya,"53.821741762008784, 83.56554140829225",Russia
385S,Bishkek - Novosibirsk,Cherepanovo,"54.22951615568895, 83.37727894783633",Russia
385S,Bishkek - Novosibirsk,Evsino,"54.510833856973264, 83.34073178096178",Russia
385S,Bishkek - Novosibirsk,Iskitim,"54.64251753424394, 83.2949761652708",Russia
385S,Bishkek - Novosibirsk,Berdsk,"54.76308715107138, 83.11350177204326",Russia
385S,Bishkek - Novosibirsk,Seitel,"54.868795304340985, 83.07719787238172",Russia
385S,Bishkek - Novosibirsk,Novosibirsk,"55.03552041452152, 82.89639225890858",Russia
319S,Kulyab - Volgograd,Kulyab,"37.89244415533175, 69.77527075861387",Tajikistan
319S,Kulyab - Volgograd,Dangara,"38.09872287354447, 69.33163536437874",Tajikistan
319S,Kulyab - Volgograd,Sangtuda,"38.03418210908104, 69.06419609321243",Tajikistan
319S,Kulyab - Volgograd,Bokhtar,"37.890579284619605, 68.77348723842923",Tajikistan
319S,Kulyab - Volgograd,Vakhsh,"37.71077126596464, 68.82514411042176",Tajikistan
319S,Kulyab - Volgograd,Yavan,"38.319376649942086, 69.04645792391506",Tajikistan
319S,Kulyab - Volgograd,Yangibazar,"38.557061558414794, 69.01717037904315",Tajikistan
319S,Kulyab - Volgograd,Rohaty,"38.54638076783763, 68.90303836900834",Tajikistan
319S,Kulyab - Volgograd,Dushanbe 1,"38.55701033895286, 68.80007253501674",Tajikistan
319S,Kulyab - Volgograd,Kudukli,"38.46058358430486, 68.13792063513068",Uzbekistan
319S,Kulyab - Volgograd,Kumkurgan,"37.828835069417885, 67.58975384779514",Uzbekistan
319S,Kulyab - Volgograd,Boysun,"38.110443191451445, 67.19931498274411",Uzbekistan
319S,Kulyab - Volgograd,Ocnazar,"37.2508169000027, 67.28726480484568",Uzbekistan
319S,Kulyab - Volgograd,Okrabot,"38.26118021447411, 66.8299981611602",Uzbekistan
319S,Kulyab - Volgograd,Karshi,"38.82148520567161, 65.77727147205096",Uzbekistan
319S,Kulyab - Volgograd,Bukhara 1,"39.72265980572376, 64.54825741834472",Uzbekistan
319S,Kulyab - Volgograd,Miskin,"41.38029075398639, 61.2641282797219",Uzbekistan
319S,Kulyab - Volgograd,Nucus,"42.438220030809674, 59.64321692205863",Uzbekistan
319S,Kulyab - Volgograd,Tahiatas Pristan,"42.34687444858787, 59.563583906718804",Uzbekistan
319S,Kulyab - Volgograd,Khatep,"42.50028698075644, 59.3207852036188",Uzbekistan
319S,Kulyab - Volgograd,Kungrad,"43.04085203845235, 58.841604799596546",Uzbekistan
319S,Kulyab - Volgograd,Zhaslyk,"43.972044388178055, 57.489685838122696",Uzbekistan
319S,Kulyab - Volgograd,Karakalpakstan,"44.76662999999574, 56.199467084555906",Uzbekistan
319S,Kulyab - Volgograd,Beineu,"45.32141608751248, 55.19721890175057",Kazakhstan
319S,Kulyab - Volgograd,Qulsary,"46.95070372568982, 53.936716345126236",Kazakhstan
319S,Kulyab - Volgograd,Bekbeke,"47.4249872586439, 53.64422344040326",Kazakhstan
319S,Kulyab - Volgograd,Makat,"47.643328913953496, 53.33848510176986",Kazakhstan
319S,Kulyab - Volgograd,402 km,"47.61359169780817, 53.22905218640535",Kazakhstan
319S,Kulyab - Volgograd,Dossor,"47.5108434808102, 52.96264583061628",Kazakhstan
319S,Kulyab - Volgograd,Atyrau,"47.070833614681845, 51.88133020175649",Kazakhstan
319S,Kulyab - Volgograd,Aq-qystau,"47.19674290066852, 50.910194269224505",Kazakhstan
319S,Kulyab - Volgograd,Isatai,"46.80260318448101, 50.06745906129585",Kazakhstan
319S,Kulyab - Volgograd,Ganyushkino,"46.661157269958885, 49.05175689992384",Kazakhstan
319S,Kulyab - Volgograd,Aksarayskaya-1,"46.795174874751254, 48.00425294224383",Russia
319S,Kulyab - Volgograd,Verkhny Baskunchak,"48.22950708200319, 46.72469538825726",Russia
319S,Kulyab - Volgograd,Vladimirovka,"48.292695388170515, 46.1704074907375",Russia
319S,Kulyab - Volgograd,Kolobovka,"48.660627546342795, 45.51510168642164",Russia
319S,Kulyab - Volgograd,Volzhsky,"48.81013248993048, 44.75429922876537",Russia
319S,Kulyab - Volgograd,Volgograd-1,"48.71233541996201, 44.51309904147455",Russia
329S,Dushanbe - Volgograd,Dushanbe 1,"38.55701033895286, 68.80007253501674",Tajikistan
329S,Dushanbe - Volgograd,Kudukli,"38.46058358430486, 68.13792063513068",Uzbekistan
329S,Dushanbe - Volgograd,Kumkurgan,"37.828835069417885, 67.58975384779514",Uzbekistan
329S,Dushanbe - Volgograd,Boysun,"38.110443191451445, 67.19931498274411",Uzbekistan
329S,Dushanbe - Volgograd,Ocnazar,"37.2508169000027, 67.28726480484568",Uzbekistan
329S,Dushanbe - Volgograd,Okrabot,"38.26118021447411, 66.8299981611602",Uzbekistan
329S,Dushanbe - Volgograd,Karshi,"38.82148520567161, 65.77727147205096",Uzbekistan
329S,Dushanbe - Volgograd,Bukhara 1,"39.72265980572376, 64.54825741834472",Uzbekistan
329S,Dushanbe - Volgograd,Miskin,"41.38029075398639, 61.2641282797219",Uzbekistan
329S,Dushanbe - Volgograd,Nucus,"42.438220030809674, 59.64321692205863",Uzbekistan
329S,Dushanbe - Volgograd,Tahiatas Pristan,"42.34687444858787, 59.563583906718804",Uzbekistan
329S,Dushanbe - Volgograd,Khatep,"42.50028698075644, 59.3207852036188",Uzbekistan
329S,Dushanbe - Volgograd,Kungrad,"43.04085203845235, 58.841604799596546",Uzbekistan
329S,Dushanbe - Volgograd,Zhaslyk,"43.972044388178055, 57.489685838122696",Uzbekistan
329S,Dushanbe - Volgograd,Karakalpakstan,"44.76662999999574, 56.199467084555906",Uzbekistan
329S,Dushanbe - Volgograd,Beineu,"45.32141608751248, 55.19721890175057",Kazakhstan
329S,Dushanbe - Volgograd,Qulsary,"46.95070372568982, 53.936716345126236",Kazakhstan
329S,Dushanbe - Volgograd,Bekbeke,"47.4249872586439, 53.64422344040326",Kazakhstan
329S,Dushanbe - Volgograd,Makat,"47.643328913953496, 53.33848510176986",Kazakhstan
329S,Dushanbe - Volgograd,402 km,"47.61359169780817, 53.22905218640535",Kazakhstan
329S,Dushanbe - Volgograd,Dossor,"47.5108434808102, 52.96264583061628",Kazakhstan
329S,Dushanbe - Volgograd,Atyrau,"47.070833614681845, 51.88133020175649",Kazakhstan
329S,Dushanbe - Volgograd,Aq-qystau,"47.19674290066852, 50.910194269224505",Kazakhstan
329S,Dushanbe - Volgograd,Isatai,"46.80260318448101, 50.06745906129585",Kazakhstan
329S,Dushanbe - Volgograd,Ganyushkino,"46.661157269958885, 49.05175689992384",Kazakhstan
329S,Dushanbe - Volgograd,Aksarayskaya-1,"46.795174874751254, 48.00425294224383",Russia
329S,Dushanbe - Volgograd,Verkhny Baskunchak,"48.22950708200319, 46.72469538825726",Russia
329S,Dushanbe - Volgograd,Vladimirovka,"48.292695388170515, 46.1704074907375",Russia
329S,Dushanbe - Volgograd,Kolobovka,"48.660627546342795, 45.51510168642164",Russia
329S,Dushanbe - Volgograd,Volzhsky,"48.81013248993048, 44.75429922876537",Russia
329S,Dushanbe - Volgograd,Volgograd-1,"48.71233541996201, 44.51309904147455",Russia
